;v0.3.13e10_exEcai-3ag_Inc_Clique_3Summ
Theory redundancy (avg) ;1.6999999999999997;
Theory redundancy (stddev) ;2.220446049250313E-16;
Theory redundancy (min) ;1.7;
Theory redundancy (max) ;1.7;
Manifestation redundancy (avg) ;3.0;
Manifestation redundancy (stddev) ;0.0;
Manifestation redundancy (min) ;3.0;
Manifestation redundancy (max) ;3.0;
Nb external subsumes (clause) (avg) ;8105.9;
Nb external subsumes (clause) (stddev) ;110.98058388745302;
Nb external subsumes (clause) (min) ;7966;
Nb external subsumes (clause) (max) ;8198;
Nb external subsumes (literal) (avg) ;18393.4;
Nb external subsumes (literal) (stddev) ;311.6655900159657;
Nb external subsumes (literal) (min) ;18005;
Nb external subsumes (literal) (max) ;18656;
Global Max size of solve step (avg) ;37.0;
Global Max size of solve step (stddev) ;0.0;
Global Max size of solve step (min) ;37;
Global Max size of solve step (max) ;37;
Nb of solve step (avg) ;276.8;
Nb of solve step (stddev) ;6.368673331236264;
Nb of solve step (min) ;269;
Nb of solve step (max) ;282;
Total size of solve step (avg) ;2239.2;
Total size of solve step (stddev) ;69.56550869504227;
Total size of solve step (min) ;2154;
Total size of solve step (max) ;2296;
Global Max size of solve for hyp (avg) ;19.6;
Global Max size of solve for hyp (stddev) ;2.9393876913398134;
Global Max size of solve for hyp (min) ;16;
Global Max size of solve for hyp (max) ;22;
Nb of solve for hyp (avg) ;9.0;
Nb of solve for hyp (stddev) ;0.0;
Nb of solve for hyp (min) ;9;
Nb of solve for hyp (max) ;9;
Total size of solve for hyp (avg) ;86.4;
Total size of solve for hyp (stddev) ;9.308061022576076;
Total size of solve for hyp (min) ;75;
Total size of solve for hyp (max) ;94;
Global Max size of solve for extended hyp (avg) ;15.0;
Global Max size of solve for extended hyp (stddev) ;0.0;
Global Max size of solve for extended hyp (min) ;15;
Global Max size of solve for extended hyp (max) ;15;
Nb of solve for extended hyp (avg) ;5.4;
Nb of solve for extended hyp (stddev) ;0.48989794855663565;
Nb of solve for extended hyp (min) ;5;
Nb of solve for extended hyp (max) ;6;
Total size of solve for extended hyp (avg) ;70.4;
Total size of solve for extended hyp (stddev) ;5.388877434122992;
Total size of solve for extended hyp (min) ;66;
Total size of solve for extended hyp (max) ;77;
Global Max size of solve for own context (avg) ;37.0;
Global Max size of solve for own context (stddev) ;0.0;
Global Max size of solve for own context (min) ;37;
Global Max size of solve for own context (max) ;37;
Nb of solve for own context (avg) ;46.6;
Nb of solve for own context (stddev) ;0.4898979485566356;
Nb of solve for own context (min) ;46;
Nb of solve for own context (max) ;47;
Total size of solve for own context (avg) ;456.4;
Total size of solve for own context (stddev) ;1.9595917942265424;
Total size of solve for own context (min) ;454;
Total size of solve for own context (max) ;458;
Global Max size of solve for external context (avg) ;37.0;
Global Max size of solve for external context (stddev) ;0.0;
Global Max size of solve for external context (min) ;37;
Global Max size of solve for external context (max) ;37;
Nb of solve for external context (avg) ;60.4;
Nb of solve for external context (stddev) ;1.9595917942265426;
Nb of solve for external context (min) ;58;
Nb of solve for external context (max) ;62;
Total size of solve for external context (avg) ;437.0;
Total size of solve for external context (stddev) ;7.3484692283495345;
Total size of solve for external context (min) ;428;
Total size of solve for external context (max) ;443;
Global Max size of solve for covered manif. (avg) ;25.0;
Global Max size of solve for covered manif. (stddev) ;0.0;
Global Max size of solve for covered manif. (min) ;25;
Global Max size of solve for covered manif. (max) ;25;
Nb of solve for covered manif. (avg) ;17.6;
Nb of solve for covered manif. (stddev) ;0.4898979485566356;
Nb of solve for covered manif. (min) ;17;
Nb of solve for covered manif. (max) ;18;
Total size of solve for covered manif. (avg) ;231.6;
Total size of solve for covered manif. (stddev) ;7.8383671769061705;
Total size of solve for covered manif. (min) ;222;
Total size of solve for covered manif. (max) ;238;
Global Max size of solve for prove manif (avg) ;25.0;
Global Max size of solve for prove manif (stddev) ;0.0;
Global Max size of solve for prove manif (min) ;25;
Global Max size of solve for prove manif (max) ;25;
Nb of solve for prove manif (avg) ;6.0;
Nb of solve for prove manif (stddev) ;0.0;
Nb of solve for prove manif (min) ;6;
Nb of solve for prove manif (max) ;6;
Total size of solve for prove manif (avg) ;132.4;
Total size of solve for prove manif (stddev) ;4.40908153700972;
Total size of solve for prove manif (min) ;127;
Total size of solve for prove manif (max) ;136;
Global Max size of solve for add manif (avg) ;8.0;
Global Max size of solve for add manif (stddev) ;0.0;
Global Max size of solve for add manif (min) ;8;
Global Max size of solve for add manif (max) ;8;
Nb of solve for add manif (avg) ;2.0;
Nb of solve for add manif (stddev) ;0.0;
Nb of solve for add manif (min) ;2;
Nb of solve for add manif (max) ;2;
Total size of solve for add manif (avg) ;16.0;
Total size of solve for add manif (stddev) ;0.0;
Total size of solve for add manif (min) ;16;
Total size of solve for add manif (max) ;16;
Global Max size of solve for addToTheory (avg) ;3.0;
Global Max size of solve for addToTheory (stddev) ;0.0;
Global Max size of solve for addToTheory (min) ;3;
Global Max size of solve for addToTheory (max) ;3;
Nb of solve for addToTheory (avg) ;6.4;
Nb of solve for addToTheory (stddev) ;0.48989794855663565;
Nb of solve for addToTheory (min) ;6;
Nb of solve for addToTheory (max) ;7;
Total size of solve for addToTheory (avg) ;16.2;
Total size of solve for addToTheory (stddev) ;1.4696938456699067;
Total size of solve for addToTheory (min) ;15;
Total size of solve for addToTheory (max) ;18;
Global Max size of solve for hyp (NC) (avg) ;15.0;
Global Max size of solve for hyp (NC) (stddev) ;0.0;
Global Max size of solve for hyp (NC) (min) ;15;
Global Max size of solve for hyp (NC) (max) ;15;
Nb of solve for hyp (NC) (avg) ;4.2;
Nb of solve for hyp (NC) (stddev) ;0.9797958971132713;
Nb of solve for hyp (NC) (min) ;3;
Nb of solve for hyp (NC) (max) ;5;
Total size of solve for hyp (NC) (avg) ;46.8;
Total size of solve for hyp (NC) (stddev) ;11.26765281680262;
Total size of solve for hyp (NC) (min) ;33;
Total size of solve for hyp (NC) (max) ;56;
Global Max size of solve for extended hyp (NC) (avg) ;8.0;
Global Max size of solve for extended hyp (NC) (stddev) ;0.0;
Global Max size of solve for extended hyp (NC) (min) ;8;
Global Max size of solve for extended hyp (NC) (max) ;8;
Nb of solve for extended hyp (NC) (avg) ;8.4;
Nb of solve for extended hyp (NC) (stddev) ;0.48989794855663565;
Nb of solve for extended hyp (NC) (min) ;8;
Nb of solve for extended hyp (NC) (max) ;9;
Total size of solve for extended hyp (NC) (avg) ;40.2;
Total size of solve for extended hyp (NC) (stddev) ;1.4696938456699067;
Total size of solve for extended hyp (NC) (min) ;39;
Total size of solve for extended hyp (NC) (max) ;42;
Global Max size of solve for own context (NC) (avg) ;19.0;
Global Max size of solve for own context (NC) (stddev) ;0.0;
Global Max size of solve for own context (NC) (min) ;19;
Global Max size of solve for own context (NC) (max) ;19;
Nb of solve for own context (NC) (avg) ;50.6;
Nb of solve for own context (NC) (stddev) ;0.4898979485566356;
Nb of solve for own context (NC) (min) ;50;
Nb of solve for own context (NC) (max) ;51;
Total size of solve for own context (NC) (avg) ;379.2;
Total size of solve for own context (NC) (stddev) ;13.227244611029162;
Total size of solve for own context (NC) (min) ;363;
Total size of solve for own context (NC) (max) ;390;
Global Max size of solve for external context (NC) (avg) ;19.0;
Global Max size of solve for external context (NC) (stddev) ;0.0;
Global Max size of solve for external context (NC) (min) ;19;
Global Max size of solve for external context (NC) (max) ;19;
Nb of solve for external context (NC) (avg) ;60.2;
Nb of solve for external context (NC) (stddev) ;3.4292856398964497;
Nb of solve for external context (NC) (min) ;56;
Nb of solve for external context (NC) (max) ;63;
Total size of solve for external context (NC) (avg) ;326.6;
Total size of solve for external context (NC) (stddev) ;22.535305633605237;
Total size of solve for external context (NC) (min) ;299;
Total size of solve for external context (NC) (max) ;345;
Global Max size of  sent messages (avg) ;76.0;
Global Max size of  sent messages (stddev) ;0.0;
Global Max size of  sent messages (min) ;76;
Global Max size of  sent messages (max) ;76;
Nb of  sent messages (avg) ;126.4;
Nb of  sent messages (stddev) ;1.9595917942265424;
Nb of  sent messages (min) ;124;
Nb of  sent messages (max) ;128;
Total size of  sent messages (avg) ;2493.8;
Total size of  sent messages (stddev) ;111.69673227091292;
Total size of  sent messages (min) ;2357;
Total size of  sent messages (max) ;2585;
Global Max size of  received messages (avg) ;76.0;
Global Max size of  received messages (stddev) ;0.0;
Global Max size of  received messages (min) ;76;
Global Max size of  received messages (max) ;76;
Nb of  received messages (avg) ;136.4;
Nb of  received messages (stddev) ;1.9595917942265424;
Nb of  received messages (min) ;134;
Nb of  received messages (max) ;138;
Total size of  received messages (avg) ;2493.8;
Total size of  received messages (stddev) ;111.69673227091292;
Total size of  received messages (min) ;2357;
Total size of  received messages (max) ;2585;
Global Max size of  initLocalConv (avg) ;1.0;
Global Max size of  initLocalConv (stddev) ;0.0;
Global Max size of  initLocalConv (min) ;1;
Global Max size of  initLocalConv (max) ;1;
Nb of  initLocalConv (avg) ;6.0;
Nb of  initLocalConv (stddev) ;0.0;
Nb of  initLocalConv (min) ;6;
Nb of  initLocalConv (max) ;6;
Total size of  initLocalConv (avg) ;6.0;
Total size of  initLocalConv (stddev) ;0.0;
Total size of  initLocalConv (min) ;6;
Total size of  initLocalConv (max) ;6;
Global Max size of  acceptLocalConv (avg) ;1.0;
Global Max size of  acceptLocalConv (stddev) ;0.0;
Global Max size of  acceptLocalConv (min) ;1;
Global Max size of  acceptLocalConv (max) ;1;
Nb of  acceptLocalConv (avg) ;6.0;
Nb of  acceptLocalConv (stddev) ;0.0;
Nb of  acceptLocalConv (min) ;6;
Nb of  acceptLocalConv (max) ;6;
Total size of  acceptLocalConv (avg) ;6.0;
Total size of  acceptLocalConv (stddev) ;0.0;
Total size of  acceptLocalConv (min) ;6;
Total size of  acceptLocalConv (max) ;6;
Global Max size of {Started} sent (avg) ;0.0;
Global Max size of {Started} sent (stddev) ;0.0;
Global Max size of {Started} sent (min) ;0;
Global Max size of {Started} sent (max) ;0;
Nb of {Started} sent (avg) ;3.0;
Nb of {Started} sent (stddev) ;0.0;
Nb of {Started} sent (min) ;3;
Nb of {Started} sent (max) ;3;
Total size of {Started} sent (avg) ;0.0;
Total size of {Started} sent (stddev) ;0.0;
Total size of {Started} sent (min) ;0;
Total size of {Started} sent (max) ;0;
Global Max size of {Request} sent (avg) ;18.0;
Global Max size of {Request} sent (stddev) ;0.0;
Global Max size of {Request} sent (min) ;18;
Global Max size of {Request} sent (max) ;18;
Nb of {Request} sent (avg) ;6.0;
Nb of {Request} sent (stddev) ;0.0;
Nb of {Request} sent (min) ;6;
Nb of {Request} sent (max) ;6;
Total size of {Request} sent (avg) ;108.0;
Total size of {Request} sent (stddev) ;0.0;
Total size of {Request} sent (min) ;108;
Total size of {Request} sent (max) ;108;
Global Max size of {Propose} sent (avg) ;76.0;
Global Max size of {Propose} sent (stddev) ;0.0;
Global Max size of {Propose} sent (min) ;76;
Global Max size of {Propose} sent (max) ;76;
Nb of {Propose} sent (avg) ;17.6;
Nb of {Propose} sent (stddev) ;0.4898979485566356;
Nb of {Propose} sent (min) ;17;
Nb of {Propose} sent (max) ;18;
Total size of {Propose} sent (avg) ;626.2;
Total size of {Propose} sent (stddev) ;10.777754868245982;
Total size of {Propose} sent (min) ;613;
Total size of {Propose} sent (max) ;635;
Global Max size of {Acknowledge confirmation} sent (avg) ;59.2;
Global Max size of {Acknowledge confirmation} sent (stddev) ;20.575713839378697;
Global Max size of {Acknowledge confirmation} sent (min) ;34;
Global Max size of {Acknowledge confirmation} sent (max) ;76;
Nb of {Acknowledge confirmation} sent (avg) ;13.6;
Nb of {Acknowledge confirmation} sent (stddev) ;0.48989794855663565;
Nb of {Acknowledge confirmation} sent (min) ;13;
Nb of {Acknowledge confirmation} sent (max) ;14;
Total size of {Acknowledge confirmation} sent (avg) ;365.6;
Total size of {Acknowledge confirmation} sent (stddev) ;37.232244090304306;
Total size of {Acknowledge confirmation} sent (min) ;320;
Total size of {Acknowledge confirmation} sent (max) ;396;
Global Max size of {Acknowledge} sent (avg) ;2.0;
Global Max size of {Acknowledge} sent (stddev) ;0.0;
Global Max size of {Acknowledge} sent (min) ;2;
Global Max size of {Acknowledge} sent (max) ;2;
Nb of {Acknowledge} sent (avg) ;11.6;
Nb of {Acknowledge} sent (stddev) ;0.48989794855663565;
Nb of {Acknowledge} sent (min) ;11;
Nb of {Acknowledge} sent (max) ;12;
Total size of {Acknowledge} sent (avg) ;23.2;
Total size of {Acknowledge} sent (stddev) ;0.9797958971132713;
Total size of {Acknowledge} sent (min) ;22;
Total size of {Acknowledge} sent (max) ;24;
Global Max size of {Confirm context} sent (avg) ;64.0;
Global Max size of {Confirm context} sent (stddev) ;0.0;
Global Max size of {Confirm context} sent (min) ;64;
Global Max size of {Confirm context} sent (max) ;64;
Nb of {Confirm context} sent (avg) ;15.6;
Nb of {Confirm context} sent (stddev) ;0.48989794855663565;
Nb of {Confirm context} sent (min) ;15;
Nb of {Confirm context} sent (max) ;16;
Total size of {Confirm context} sent (avg) ;413.4;
Total size of {Confirm context} sent (stddev) ;31.353468707624682;
Total size of {Confirm context} sent (min) ;375;
Total size of {Confirm context} sent (max) ;439;
Global Max size of {Completeness counter-example} sent (avg) ;10.0;
Global Max size of {Completeness counter-example} sent (stddev) ;0.0;
Global Max size of {Completeness counter-example} sent (min) ;10;
Global Max size of {Completeness counter-example} sent (max) ;10;
Nb of {Completeness counter-example} sent (avg) ;8.0;
Nb of {Completeness counter-example} sent (stddev) ;0.0;
Nb of {Completeness counter-example} sent (min) ;8;
Nb of {Completeness counter-example} sent (max) ;8;
Total size of {Completeness counter-example} sent (avg) ;80.0;
Total size of {Completeness counter-example} sent (stddev) ;0.0;
Total size of {Completeness counter-example} sent (min) ;80;
Total size of {Completeness counter-example} sent (max) ;80;
Global Max size of {Check Context} sent (avg) ;29.0;
Global Max size of {Check Context} sent (stddev) ;0.0;
Global Max size of {Check Context} sent (min) ;29;
Global Max size of {Check Context} sent (max) ;29;
Nb of {Check Context} sent (avg) ;4.0;
Nb of {Check Context} sent (stddev) ;0.0;
Nb of {Check Context} sent (min) ;4;
Nb of {Check Context} sent (max) ;4;
Total size of {Check Context} sent (avg) ;86.0;
Total size of {Check Context} sent (stddev) ;0.0;
Total size of {Check Context} sent (min) ;86;
Total size of {Check Context} sent (max) ;86;
Global Max size of {Accept} sent (avg) ;76.0;
Global Max size of {Accept} sent (stddev) ;0.0;
Global Max size of {Accept} sent (min) ;76;
Global Max size of {Accept} sent (max) ;76;
Nb of {Accept} sent (avg) ;6.0;
Nb of {Accept} sent (stddev) ;0.0;
Nb of {Accept} sent (min) ;6;
Nb of {Accept} sent (max) ;6;
Total size of {Accept} sent (avg) ;257.0;
Total size of {Accept} sent (stddev) ;0.0;
Total size of {Accept} sent (min) ;257;
Total size of {Accept} sent (max) ;257;
Global Max size of {End of local conversation} sent (avg) ;10.0;
Global Max size of {End of local conversation} sent (stddev) ;0.0;
Global Max size of {End of local conversation} sent (min) ;10;
Global Max size of {End of local conversation} sent (max) ;10;
Nb of {End of local conversation} sent (avg) ;12.0;
Nb of {End of local conversation} sent (stddev) ;0.0;
Nb of {End of local conversation} sent (min) ;12;
Nb of {End of local conversation} sent (max) ;12;
Total size of {End of local conversation} sent (avg) ;120.0;
Total size of {End of local conversation} sent (stddev) ;0.0;
Total size of {End of local conversation} sent (min) ;120;
Total size of {End of local conversation} sent (max) ;120;
Global Max size of {Deny} sent (avg) ;32.0;
Global Max size of {Deny} sent (stddev) ;0.0;
Global Max size of {Deny} sent (min) ;32;
Global Max size of {Deny} sent (max) ;32;
Nb of {Deny} sent (avg) ;6.0;
Nb of {Deny} sent (stddev) ;0.0;
Nb of {Deny} sent (min) ;6;
Nb of {Deny} sent (max) ;6;
Total size of {Deny} sent (avg) ;146.0;
Total size of {Deny} sent (stddev) ;4.898979485566356;
Total size of {Deny} sent (min) ;142;
Total size of {Deny} sent (max) ;152;
Global Max size of {Argue} sent (avg) ;20.0;
Global Max size of {Argue} sent (stddev) ;0.0;
Global Max size of {Argue} sent (min) ;20;
Global Max size of {Argue} sent (max) ;20;
Nb of {Argue} sent (avg) ;6.0;
Nb of {Argue} sent (stddev) ;0.0;
Nb of {Argue} sent (min) ;6;
Nb of {Argue} sent (max) ;6;
Total size of {Argue} sent (avg) ;112.0;
Total size of {Argue} sent (stddev) ;0.0;
Total size of {Argue} sent (min) ;112;
Total size of {Argue} sent (max) ;112;
Global Max size of {Withdraw} sent (avg) ;2.0;
Global Max size of {Withdraw} sent (stddev) ;0.0;
Global Max size of {Withdraw} sent (min) ;2;
Global Max size of {Withdraw} sent (max) ;2;
Nb of {Withdraw} sent (avg) ;3.0;
Nb of {Withdraw} sent (stddev) ;0.0;
Nb of {Withdraw} sent (min) ;3;
Nb of {Withdraw} sent (max) ;3;
Total size of {Withdraw} sent (avg) ;6.0;
Total size of {Withdraw} sent (stddev) ;0.0;
Total size of {Withdraw} sent (min) ;6;
Total size of {Withdraw} sent (max) ;6;
Global Max size of {Accept Request} sent (avg) ;10.0;
Global Max size of {Accept Request} sent (stddev) ;0.0;
Global Max size of {Accept Request} sent (min) ;10;
Global Max size of {Accept Request} sent (max) ;10;
Nb of {Accept Request} sent (avg) ;6.0;
Nb of {Accept Request} sent (stddev) ;0.0;
Nb of {Accept Request} sent (min) ;6;
Nb of {Accept Request} sent (max) ;6;
Total size of {Accept Request} sent (avg) ;60.0;
Total size of {Accept Request} sent (stddev) ;0.0;
Total size of {Accept Request} sent (min) ;60;
Total size of {Accept Request} sent (max) ;60;
Global Max size of {New neighbour} received (avg) ;0.0;
Global Max size of {New neighbour} received (stddev) ;0.0;
Global Max size of {New neighbour} received (min) ;0;
Global Max size of {New neighbour} received (max) ;0;
Nb of {New neighbour} received (avg) ;6.0;
Nb of {New neighbour} received (stddev) ;0.0;
Nb of {New neighbour} received (min) ;6;
Nb of {New neighbour} received (max) ;6;
Total size of {New neighbour} received (avg) ;0.0;
Total size of {New neighbour} received (stddev) ;0.0;
Total size of {New neighbour} received (min) ;0;
Total size of {New neighbour} received (max) ;0;
Global Max size of {Start} received (avg) ;0.0;
Global Max size of {Start} received (stddev) ;0.0;
Global Max size of {Start} received (min) ;0;
Global Max size of {Start} received (max) ;0;
Nb of {Start} received (avg) ;3.0;
Nb of {Start} received (stddev) ;0.0;
Nb of {Start} received (min) ;3;
Nb of {Start} received (max) ;3;
Total size of {Start} received (avg) ;0.0;
Total size of {Start} received (stddev) ;0.0;
Total size of {Start} received (min) ;0;
Total size of {Start} received (max) ;0;
Global Max size of {Launch} received (avg) ;0.0;
Global Max size of {Launch} received (stddev) ;0.0;
Global Max size of {Launch} received (min) ;0;
Global Max size of {Launch} received (max) ;0;
Nb of {Launch} received (avg) ;-1.0;
Nb of {Launch} received (stddev) ;0.0;
Nb of {Launch} received (min) ;-1;
Nb of {Launch} received (max) ;0;
Total size of {Launch} received (avg) ;-2.0;
Total size of {Launch} received (stddev) ;0.0;
Total size of {Launch} received (min) ;-2;
Total size of {Launch} received (max) ;0;
Global Max size of {Accept Request} received (avg) ;10.0;
Global Max size of {Accept Request} received (stddev) ;0.0;
Global Max size of {Accept Request} received (min) ;10;
Global Max size of {Accept Request} received (max) ;10;
Nb of {Accept Request} received (avg) ;6.0;
Nb of {Accept Request} received (stddev) ;0.0;
Nb of {Accept Request} received (min) ;6;
Nb of {Accept Request} received (max) ;6;
Total size of {Accept Request} received (avg) ;60.0;
Total size of {Accept Request} received (stddev) ;0.0;
Total size of {Accept Request} received (min) ;60;
Total size of {Accept Request} received (max) ;60;
Global Max size of {Confirm context} received (avg) ;64.0;
Global Max size of {Confirm context} received (stddev) ;0.0;
Global Max size of {Confirm context} received (min) ;64;
Global Max size of {Confirm context} received (max) ;64;
Nb of {Confirm context} received (avg) ;15.6;
Nb of {Confirm context} received (stddev) ;0.48989794855663565;
Nb of {Confirm context} received (min) ;15;
Nb of {Confirm context} received (max) ;16;
Total size of {Confirm context} received (avg) ;413.4;
Total size of {Confirm context} received (stddev) ;31.353468707624682;
Total size of {Confirm context} received (min) ;375;
Total size of {Confirm context} received (max) ;439;
Global Max size of {Deny} received (avg) ;32.0;
Global Max size of {Deny} received (stddev) ;0.0;
Global Max size of {Deny} received (min) ;32;
Global Max size of {Deny} received (max) ;32;
Nb of {Deny} received (avg) ;6.0;
Nb of {Deny} received (stddev) ;0.0;
Nb of {Deny} received (min) ;6;
Nb of {Deny} received (max) ;6;
Total size of {Deny} received (avg) ;146.0;
Total size of {Deny} received (stddev) ;4.898979485566356;
Total size of {Deny} received (min) ;142;
Total size of {Deny} received (max) ;152;
Global Max size of {Propose} received (avg) ;76.0;
Global Max size of {Propose} received (stddev) ;0.0;
Global Max size of {Propose} received (min) ;76;
Global Max size of {Propose} received (max) ;76;
Nb of {Propose} received (avg) ;17.6;
Nb of {Propose} received (stddev) ;0.4898979485566356;
Nb of {Propose} received (min) ;17;
Nb of {Propose} received (max) ;18;
Total size of {Propose} received (avg) ;626.2;
Total size of {Propose} received (stddev) ;10.777754868245982;
Total size of {Propose} received (min) ;613;
Total size of {Propose} received (max) ;635;
Global Max size of {Acknowledge confirmation} received (avg) ;59.2;
Global Max size of {Acknowledge confirmation} received (stddev) ;20.575713839378697;
Global Max size of {Acknowledge confirmation} received (min) ;34;
Global Max size of {Acknowledge confirmation} received (max) ;76;
Nb of {Acknowledge confirmation} received (avg) ;13.6;
Nb of {Acknowledge confirmation} received (stddev) ;0.48989794855663565;
Nb of {Acknowledge confirmation} received (min) ;13;
Nb of {Acknowledge confirmation} received (max) ;14;
Total size of {Acknowledge confirmation} received (avg) ;365.6;
Total size of {Acknowledge confirmation} received (stddev) ;37.232244090304306;
Total size of {Acknowledge confirmation} received (min) ;320;
Total size of {Acknowledge confirmation} received (max) ;396;
Global Max size of {Withdraw incomplete} received (avg) ;2.0;
Global Max size of {Withdraw incomplete} received (stddev) ;0.0;
Global Max size of {Withdraw incomplete} received (min) ;2;
Global Max size of {Withdraw incomplete} received (max) ;2;
Nb of {Withdraw incomplete} received (avg) ;0.4;
Nb of {Withdraw incomplete} received (stddev) ;0.48989794855663565;
Nb of {Withdraw incomplete} received (min) ;0;
Nb of {Withdraw incomplete} received (max) ;1;
Total size of {Withdraw incomplete} received (avg) ;2.4;
Total size of {Withdraw incomplete} received (stddev) ;0.48989794855663565;
Total size of {Withdraw incomplete} received (min) ;2;
Total size of {Withdraw incomplete} received (max) ;3;
Global Max size of {Argue} received (avg) ;20.0;
Global Max size of {Argue} received (stddev) ;0.0;
Global Max size of {Argue} received (min) ;20;
Global Max size of {Argue} received (max) ;20;
Nb of {Argue} received (avg) ;6.0;
Nb of {Argue} received (stddev) ;0.0;
Nb of {Argue} received (min) ;6;
Nb of {Argue} received (max) ;6;
Total size of {Argue} received (avg) ;112.0;
Total size of {Argue} received (stddev) ;0.0;
Total size of {Argue} received (min) ;112;
Total size of {Argue} received (max) ;112;
Global Max size of {End of local conversation} received (avg) ;10.0;
Global Max size of {End of local conversation} received (stddev) ;0.0;
Global Max size of {End of local conversation} received (min) ;10;
Global Max size of {End of local conversation} received (max) ;10;
Nb of {End of local conversation} received (avg) ;12.0;
Nb of {End of local conversation} received (stddev) ;0.0;
Nb of {End of local conversation} received (min) ;12;
Nb of {End of local conversation} received (max) ;12;
Total size of {End of local conversation} received (avg) ;120.0;
Total size of {End of local conversation} received (stddev) ;0.0;
Total size of {End of local conversation} received (min) ;120;
Total size of {End of local conversation} received (max) ;120;
Global Max size of {Check Context} received (avg) ;29.0;
Global Max size of {Check Context} received (stddev) ;0.0;
Global Max size of {Check Context} received (min) ;29;
Global Max size of {Check Context} received (max) ;29;
Nb of {Check Context} received (avg) ;4.0;
Nb of {Check Context} received (stddev) ;0.0;
Nb of {Check Context} received (min) ;4;
Nb of {Check Context} received (max) ;4;
Total size of {Check Context} received (avg) ;86.0;
Total size of {Check Context} received (stddev) ;0.0;
Total size of {Check Context} received (min) ;86;
Total size of {Check Context} received (max) ;86;
Global Max size of {Has Better Hyp} received (avg) ;45.6;
Global Max size of {Has Better Hyp} received (stddev) ;37.23224409030431;
Global Max size of {Has Better Hyp} received (min) ;0;
Global Max size of {Has Better Hyp} received (max) ;76;
Nb of {Has Better Hyp} received (avg) ;-0.6;
Nb of {Has Better Hyp} received (stddev) ;0.48989794855663565;
Nb of {Has Better Hyp} received (min) ;-1;
Nb of {Has Better Hyp} received (max) ;0;
Total size of {Has Better Hyp} received (avg) ;44.4;
Total size of {Has Better Hyp} received (stddev) ;36.252448193191036;
Total size of {Has Better Hyp} received (min) ;0;
Total size of {Has Better Hyp} received (max) ;74;
Global Max size of {Acknowledge} received (avg) ;2.0;
Global Max size of {Acknowledge} received (stddev) ;0.0;
Global Max size of {Acknowledge} received (min) ;2;
Global Max size of {Acknowledge} received (max) ;2;
Nb of {Acknowledge} received (avg) ;11.6;
Nb of {Acknowledge} received (stddev) ;0.48989794855663565;
Nb of {Acknowledge} received (min) ;11;
Nb of {Acknowledge} received (max) ;12;
Total size of {Acknowledge} received (avg) ;23.2;
Total size of {Acknowledge} received (stddev) ;0.9797958971132713;
Total size of {Acknowledge} received (min) ;22;
Total size of {Acknowledge} received (max) ;24;
Global Max size of {Completeness counter-example} received (avg) ;10.0;
Global Max size of {Completeness counter-example} received (stddev) ;0.0;
Global Max size of {Completeness counter-example} received (min) ;10;
Global Max size of {Completeness counter-example} received (max) ;10;
Nb of {Completeness counter-example} received (avg) ;8.0;
Nb of {Completeness counter-example} received (stddev) ;0.0;
Nb of {Completeness counter-example} received (min) ;8;
Nb of {Completeness counter-example} received (max) ;8;
Total size of {Completeness counter-example} received (avg) ;80.0;
Total size of {Completeness counter-example} received (stddev) ;0.0;
Total size of {Completeness counter-example} received (min) ;80;
Total size of {Completeness counter-example} received (max) ;80;
Global Max size of {Accept} received (avg) ;76.0;
Global Max size of {Accept} received (stddev) ;0.0;
Global Max size of {Accept} received (min) ;76;
Global Max size of {Accept} received (max) ;76;
Nb of {Accept} received (avg) ;5.6;
Nb of {Accept} received (stddev) ;0.48989794855663565;
Nb of {Accept} received (min) ;5;
Nb of {Accept} received (max) ;6;
Total size of {Accept} received (avg) ;256.6;
Total size of {Accept} received (stddev) ;0.4898979485566357;
Total size of {Accept} received (min) ;256;
Total size of {Accept} received (max) ;257;
Global Max size of {Request} received (avg) ;18.0;
Global Max size of {Request} received (stddev) ;0.0;
Global Max size of {Request} received (min) ;18;
Global Max size of {Request} received (max) ;18;
Nb of {Request} received (avg) ;6.0;
Nb of {Request} received (stddev) ;0.0;
Nb of {Request} received (min) ;6;
Nb of {Request} received (max) ;6;
Total size of {Request} received (avg) ;108.0;
Total size of {Request} received (stddev) ;0.0;
Total size of {Request} received (min) ;108;
Total size of {Request} received (max) ;108;
Global Max size of {Coherence counter-example} received (avg) ;2.0;
Global Max size of {Coherence counter-example} received (stddev) ;0.0;
Global Max size of {Coherence counter-example} received (min) ;2;
Global Max size of {Coherence counter-example} received (max) ;2;
Nb of {Coherence counter-example} received (avg) ;3.0;
Nb of {Coherence counter-example} received (stddev) ;0.0;
Nb of {Coherence counter-example} received (min) ;3;
Nb of {Coherence counter-example} received (max) ;3;
Total size of {Coherence counter-example} received (avg) ;6.0;
Total size of {Coherence counter-example} received (stddev) ;0.0;
Total size of {Coherence counter-example} received (min) ;6;
Total size of {Coherence counter-example} received (max) ;6;
Global Max size of {Finish} received (avg) ;0.0;
Global Max size of {Finish} received (stddev) ;0.0;
Global Max size of {Finish} received (min) ;0;
Global Max size of {Finish} received (max) ;0;
Nb of {Finish} received (avg) ;3.0;
Nb of {Finish} received (stddev) ;0.0;
Nb of {Finish} received (min) ;3;
Nb of {Finish} received (max) ;3;
Total size of {Finish} received (avg) ;0.0;
Total size of {Finish} received (stddev) ;0.0;
Total size of {Finish} received (min) ;0;
Total size of {Finish} received (max) ;0;
Global Max size of {Ask other hypothesis} sent (avg) ;4.0;
Global Max size of {Ask other hypothesis} sent (stddev) ;4.898979485566356;
Global Max size of {Ask other hypothesis} sent (min) ;0;
Global Max size of {Ask other hypothesis} sent (max) ;10;
Nb of {Ask other hypothesis} sent (avg) ;0.4;
Nb of {Ask other hypothesis} sent (stddev) ;0.48989794855663565;
Nb of {Ask other hypothesis} sent (min) ;0;
Nb of {Ask other hypothesis} sent (max) ;1;
Total size of {Ask other hypothesis} sent (avg) ;4.4;
Total size of {Ask other hypothesis} sent (stddev) ;5.388877434122992;
Total size of {Ask other hypothesis} sent (min) ;0;
Total size of {Ask other hypothesis} sent (max) ;11;
